Kylian Mbappé,France,91,23
Kevin De Bruyne,Belgique,91,31
Robert Lewandowski,Pologne,91,34
Virgil van Dijk,Pays-Bas,90,31
Thibaut Courtois,Belgique,90,30
Cristiano Ronaldo,Portugal,90,37
Alisson,Brésil,89,30
Joshua Kimmich,Allemagne,89,27
Ederson,Brésil,89,29
Harry Kane,Angleterre,89,29
Casemiro,Brésil,89,30
Rúben Dias,Portugal,88,25
João Cancelo,Portugal,88,28
Marquinhos,Brésil,88,28
Keylor Navas,Costa Rica,88,35
Luka Modrić,Croatie,88,37
Rodri,Espagne,87,26
Trent Alexander-Arnold,Angleterre,87,24
Frenkie de Jong,Pays-Bas,87,25
Fabinho,Brésil,87,29
Antonio Rüdiger,Allemagne,87,29
Kalidou Koulibaly,Sénégal,87,31
Thomas Müller,Allemagne,87,33
Hugo Lloris,France,87,35
Édouard Mendy,Sénégal,86,30
Lautaro Martínez,Argentine,86,25
Sergej Milinković-Savić,Serbie,86,27
Marcelo Brozović,Croatie,86,30
Kingsley Coman,France,86,26
Bruno Fernandes,Portugal,86,28
Raheem Sterling,Angleterre,86,27
Romelu Lukaku,Belgique,86,29
Kevin Trapp,Allemagne,86,32
Wojciech Szczęsny,Pologne,86,32
Thiago Silva,Brésil,86,38
Phil Foden,Angleterre,85,22
Matthijs de Ligt,Pays-Bas,85,23
Marcos Acuña,Argentine,85,31
Niklas Süle,Allemagne,85,27
Filip Kostić,Serbie,85,30
Yannick Carrasco,Belgique,85,29
Memphis Depay,Pays-Bas,85,28
Sergio Busquets,Espagne,85,34
Jordi Alba,Espagne,85,33
Kyle Walker,Angleterre,85,32
İlkay Gündoğan,Allemagne,85,32
Yann Sommer,Suisse,85,33
Dušan Vlahović,Serbie,84,22
Rafael Leão,Portugal,84,23
Jules Koundé,France,84,24
Éder Militão,Brésil,84,24
Federico Valverde,Uruguay,84,24
Kai Havertz,Allemagne,84,23
Alphonso Davies,Canada,84,22
Mason Mount,Angleterre,84,23
Marcos Llorente,Espagne,84,27
Leroy Sané,Allemagne,84,26
Youri Tielemans,Belgique,84,25
Rodrigo De Paul,Argentine,84,28
Thomas Partey,Ghana,84,29
Yassine Bounou,Maroc,84,31
Mateo Kovačić,Croatie,84,28
Jack Grealish,Angleterre,84,27
Dani Carvajal,Espagne,84,30
Emiliano Martínez,Argentine,84,30
Raphaël Varane,France,84,29
Dušan Tadić,Serbie,84,34
Stefan de Vrij,Pays-Bas,84,30
Koen Casteels,Belgique,84,30
Kieran Trippier,Angleterre,84,32
Ángel Di María,Argentine,84,34
Eden Hazard,Belgique,84,31
Ivan Perišić,Croatie,84,33
Luis Suárez,Uruguay,84,35
Dries Mertens,Belgique,84,35
Cody Gakpo,Pays-Bas,83,23
Pau Torres,Espagne,83,25
Bremer,Brésil,83,25
Gregor Kobel,Suisse,83,24
Carlos Soler,Espagne,83,25
Raphinha,Brésil,83,25
Cristian Romero,Argentine,83,24
Ousmane Dembélé,France,83,25
Unai Simón,Espagne,83,25
Gabriel Jesus,Brésil,83,25
Rúben Neves,Portugal,83,25
Marco Asensio,Espagne,83,26
José María Giménez,Uruguay,83,27
Pierre-Emile Højbjerg,Danemark,83,27
Piotr Zieliński,Pologne,83,28
Hakim Ziyech,Maroc,83,29
John Stones,Angleterre,83,28
Antoine Griezmann,France,83,31
Koke,Espagne,83,30
Jordan Henderson,Angleterre,83,32
Kasper Schmeichel,Danemark,83,36
Antony,Brésil,82,22
Darwin Núñez,Uruguay,82,23
Nico Schlotterbeck,Allemagne,82,23
Bukayo Saka,Angleterre,82,21
Dani Olmo,Espagne,82,24
Aurélien Tchouaméni,France,82,22
Ferran Torres,Espagne,82,22
Noussair Mazraoui,Maroc,82,25
Aaron Ramsdale,Angleterre,82,24
Lucas Paquetá,Brésil,82,25
Denzel Dumfries,Pays-Bas,82,26
André Silva,Portugal,82,27
Christian Pulisic,Etats-Unis,82,24
André Onana,Cameroun,82,26
James Maddison,Angleterre,82,26
Andrej Kramarić,Croatie,82,31
Gerónimo Rulli,Argentine,82,30
Andreas Christensen,Danemark,82,26
Julian Brandt,Allemagne,82,26
José Gayà,Espagne,82,27
Otávio,Portugal,82,27
Raphaël Guerreiro,Portugal,82,28
Matthias Ginter,Allemagne,82,28
Jordan Pickford,Angleterre,82,28
Raúl Jiménez,Mexique,82,31
Steven Berghuis,Pays-Bas,82,30
Sebastián Coates,Uruguay,82,32
Idrissa Gueye,Sénégal,82,33
Christian Eriksen,Danemark,82,30
Toby Alderweireld,Belgique,82,33
Simon Kjær,Danemark,82,33
Olivier Giroud,France,82,36
Rui Patrício,Portugal,82,34
Jamal Musiala,Allemagne,81,19
Joško Gvardiol,Croatie,81,20
Bruno Guimarães,Brésil,81,25
Rodrygo,Brésil,81,21
Mehdi Taremi,Iran,81,30
Lisandro Martínez,Argentine,81,24
Ibrahima Konaté,France,81,23
David Raum,Allemagne,81,24
Richarlison,Brésil,81,25
Marcus Rashford,Angleterre,81,25
Dayot Upamecano,France,81,24
João Palhinha,Portugal,81,27
Denis Zakaria,Suisse,81,26
Manuel Akanji,Suisse,81,27
Frank Anguissa,Cameroun,81,27
Guido Rodríguez,Argentine,81,27
Kalvin Phillips,Angleterre,81,27
Lucas Torreira,Uruguay,81,26
Mario Pašalić,Croatie,81,27
Hirving Lozano,Mexique,81,27
Iñaki Williams,Espagne,81,28
Ricardo Horta,Portugal,81,28
José Sá,Portugal,81,29
Nicolás Tagliafico,Argentine,81,30
Jonas Hofmann,Allemagne,81,30
Nick Pope,Angleterre,81,30
Harry Maguire,Angleterre,81,29
Pablo Sarabia,Espagne,81,30
Thomas Delaney,Danemark,81,31
Alphonse Areola,France,81,29
Nicolás Otamendi,Argentine,81,34
Mario Götze,Allemagne,81,30
Gareth Bale,Pays_de_Galles,81,33
Jan Vertonghen,Belgique,81,35
Pepe,Portugal,81,39
Jeremie Frimpong,Pays-Bas,80,21
Nuno Mendes,Portugal,80,20
Jurriën Timber,Pays-Bas,80,21
Nayef Aguerd,Maroc,80,26
Lovro Majer,Croatie,80,24
William Saliba,France,80,21
Dominik Livaković,Croatie,80,27
Nicolás González,Argentine,80,24
Teun Koopmeiners,Pays-Bas,80,24
Weston McKennie,Etats-Unis,80,24
Nikola Milenković,Serbie,80,25
Mattéo Guendouzi,France,80,23
Edson Álvarez,Mexique,80,25
Youssef En-Nesyri,Maroc,80,25
Daichi Kamada,Japon,80,26
Djibril Sow,Suisse,80,25
Marko Dmitrović,Serbie,80,30
Steven Bergwijn,Pays-Bas,80,25
Lukas Klostermann,Allemagne,80,26
Joaquín Correa,Argentine,80,28
Sardar Azmoun,Iran,80,27
Alex Telles,Brésil,80,29
Adrien Rabiot,France,80,27
Christian Günter,Allemagne,80,29
Fred,Brésil,80,29
Marten de Roon,Pays-Bas,80,31
William Carvalho,Portugal,80,30
Leandro Paredes,Argentine,80,28
Thorgan Hazard,Belgique,80,29
Eric Dier,Angleterre,80,28
Remo Freuler,Suisse,80,30
Álvaro Morata,Espagne,80,30
Danilo Pereira,Portugal,80,31
Hans Vanaken,Belgique,80,30
Danilo,Brésil,80,31
Alex Sandro,Brésil,80,31
Daley Blind,Pays-Bas,80,32
Simon Mignolet,Belgique,80,34
Héctor Herrera,Mexique,80,32
Guillermo Ochoa,Mexique,80,37
Gavi,Espagne,79,18
Yeremi Pino,Espagne,79,20
Vitinha,Portugal,79,22
Matheus Nunes,Portugal,79,24
Ansu Fati,Espagne,79,20
Eduardo Camavinga,France,79,20
Boulaye Dia,Sénégal,79,26
Youssouf Fofana,France,79,23
Jonathan David,Canada,79,22
Nemanja Maksimović,Serbie,79,27
Conor Gallagher,Angleterre,79,22
Tyrell Malacia,Pays-Bas,79,23
Pervis Estupiñán,Équateur,79,24
Juan Foyth,Argentine,79,24
Kim Min-jae,Corée_du_Sud,79,26
Diogo Costa,Portugal,79,23
Takehiro Tomiyasu,Japon,79,24
Luka Jović,Serbie,79,24
Justin Bijlow,Pays-Bas,79,24
Gonzalo Montiel,Argentine,79,25
Rodrigo Bentancur,Uruguay,79,25
Matty Cash,Pologne,79,25
Ellyes Skhiri,Tunisie,79,27
Wout Weghorst,Pays-Bas,79,30
Jonas Omlin,Suisse,79,28
Franco Armani,Argentine,79,36
João Mário,Portugal,79,29
Leandro Trossard,Belgique,79,27
Ben Davies,Pays_de_Galles,79,29
Arkadiusz Milik,Pologne,79,28
Davy Klaassen,Pays-Bas,79,29
Conor Coady,Angleterre,79,29
Jordan Veretout,France,79,29
Granit Xhaka,Suisse,79,30
Callum Wilson,Angleterre,79,30
Nemanja Gudelj,Serbie,79,31
Luuk de Jong,Pays-Bas,79,32
Pedro,Espagne,79,35
Fernando Muslera,Uruguay,79,36
Axel Witsel,Belgique,79,33
Daniel Wass,Danemark,79,33
Steve Mandanda,France,79,37
Alfredo Talavera,Mexique,79,40
Piero Hincapié,Équateur,78,20
Gabriel Martinelli,Brésil,78,21
Charles De Ketelaere,Belgique,78,21
Enzo Fernández,Argentine,78,21
Julián Álvarez,Argentine,78,22
Alexander Bah,Danemark,78,24
Borna Sosa,Croatie,78,24
Predrag Rajković,Serbie,78,27
Nikola Vlašić,Croatie,78,25
Noa Lang,Pays-Bas,78,23
Randal Kolo Muani,France,78,23
Diogo Dalot,Portugal,78,23
Nahuel Molina,Argentine,78,24
Junya Ito,Japon,78,29
Exequiel Palacios,Argentine,78,24
Joseph Aidoo,Ghana,78,27
Marcus Thuram,France,78,25
Sergio Rochet,Uruguay,78,29
Timothy Castagne,Belgique,78,26
Aleksandar Mitrović,Serbie,78,28
Nathan Aké,Pays-Bas,78,27
Thomas Meunier,Belgique,78,31
Mathew Ryan,Australie,78,30
Grzegorz Krychowiak,Pologne,78,32
Dejan Lovren,Croatie,78,33
Manuel Ugarte,Uruguay,77,21
Sergiño Dest,Etats-Unis,77,22
Gonzalo Plata,Équateur,77,22
Giovanni Reyna,Etats-Unis,77,20
Mohammed Salisu,Ghana,77,23
Mathías Olivera,Uruguay,77,25
Saša Lukić,Serbie,77,26
Ismaïla Sarr,Sénégal,77,24
Wout Faes,Belgique,77,24
Rasmus Kristensen,Danemark,77,25
Matt Turner,Etats-Unis,77,28
Alexis Vega,Mexique,77,25
Ritsu Doan,Japon,77,24
Daniel James,Pays_de_Galles,77,25
César Montes,Mexique,77,25
Axel Disasi,France,77,24
Robert Sánchez,Espagne,77,25
Kasper Dolberg,Danemark,77,25
Hwang Hee-chan,Corée_du_Sud,77,26
Abdou Diallo,Sénégal,77,26
Joachim Andersen,Danemark,77,26
Breel Embolo,Suisse,77,25
Nico Elvedi,Suisse,77,26
Mislav Oršić,Croatie,77,29
Andrija Živković,Serbie,77,26
Danilo,Brésil,77,31
Silvan Widmer,Suisse,77,29
Alexander Djiku,Ghana,77,28
Darko Lazović,Serbie,77,32
Sofiane Boufal,Maroc,77,29
Fabian Schär,Suisse,77,30
Romain Saïss,Maroc,77,32
Yussuf Poulsen,Danemark,77,28
Marko Livaja,Croatie,77,29
Milan Borjan,Canada,77,35
Michy Batshuayi,Belgique,77,29
Alfred Gomis,Sénégal,77,29
Germán Pezzella,Argentine,77,31
Diego Godín,Uruguay,77,36
Andrés Guardado,Mexique,77,36
Ivan Ilić,Serbie,76,21
Kristijan Jakić,Croatie,76,25
Mohammed Kudus,Ghana,76,22
Eric García,Espagne,76,21
Luis Romo,Mexique,76,27
Stephen Eustáquio,Canada,76,25
Hidemasa Morita,Japon,76,27
Pape Gueye,Sénégal,76,23
Jonas Wind,Danemark,76,23
Mikkel Damsgaard,Danemark,76,22
Andreas Skov Olsen,Danemark,76,22
Alexis Mac Allister,Argentine,76,23
Szymon Żurkowski,Pologne,76,25
Carlos Rodríguez,Mexique,76,25
Christian Fassnacht,Suisse,76,29
Joakim Mæhle,Danemark,76,25
Akram Afif,Qatar,76,26
Jorge Sánchez,Mexique,76,24
Tyler Adams,Etats-Unis,76,23
Marko Grujić,Serbie,76,26
Thilo Kehrer,Allemagne,76,26
Orbelín Pineda,Mexique,76,26
Sofyan Amrabat,Maroc,76,26
Henry Martín,Mexique,76,30
Lee Jae-sung,Corée_du_Sud,76,30
David Raya,Espagne,76,27
Érick Gutiérrez,Mexique,76,27
Harry Wilson,Pays_de_Galles,76,25
Jan Bednarek,Pologne,76,26
Patrick Sequeira,Portugal,76,32
Youssouf Sabaly,Sénégal,76,29
Daniel Amartey,Ghana,76,27
Walker Zimmerman,Etats-Unis,76,29
Leander Dendoncker,Belgique,76,27
Przemysław Frankowski,Pologne,76,27
Christian Nørgaard,Danemark,76,28
Renato Steffen,Suisse,76,31
Naïm Sliti,Tunisie,76,30
Domagoj Vida,Croatie,76,33
Aaron Mooy,Australie,76,32
Haris Seferović,Suisse,76,30
Xherdan Shaqiri,Suisse,76,31
Martin Braithwaite,Danemark,76,31
Łukasz Skorupski,Pologne,76,31
Ante Budimir,Croatie,76,31
Aaron Ramsey,Pays_de_Galles,76,31
Rodolfo Cota,Mexique,76,35
Héctor Moreno,Mexique,76,34
Josip Juranović,Croatie,75,27
João Mário,Portugal,75,22
Arthur Theate,Belgique,75,22
Gonçalo Ramos,Portugal,75,21
Josip Šutalo,Croatie,75,22
Kamaldeen Sulemana,Ghana,75,20
Matías Viña,Uruguay,75,25
Karim Adeyemi,Allemagne,75,20
Brennan Johnson,Pays_de_Galles,75,21
Jérémy Doku,Belgique,75,20
Jesper Lindstrøm,Danemark,75,22
Uroš Račić,Serbie,75,24
Daniel Kofi Kyereh,Ghana,75,26
Loïs Openda,Belgique,75,22
Bryan Mbeumo,Cameroun,75,23
Noah Okafor,Suisse,75,22
Tariq Lamptey,Angleterre,75,22
Jawad El Yamiq,Maroc,75,30
Jean-Pierre Nsame,Cameroun,75,29
Ruben Vargas,Suisse,75,24
Uriel Antuna,Mexique,75,25
Michel Aebischer,Suisse,75,25
Victor Nelsson,Danemark,75,24
Ko Itakura,Japon,75,25
Cristian Roldan,Etats-Unis,75,27
Takumi Minamino,Japon,75,27
Jesús Gallardo,Mexique,75,28
Connor Roberts,Pays_de_Galles,75,27
Krzysztof Piątek,Pologne,75,27
Enner Valencia,Équateur,75,33
Georges-Kévin Nkoudou,France,75,27
Bruno Petković,Croatie,75,28
Óscar Duarte,Costa Rica,75,33
Jamie Maclaren,Australie,75,29
Craig Goodwin,Australie,75,30
Danny Ward,Pays_de_Galles,75,29
Niclas Füllkrug,Allemagne,75,29
Sebastián Sosa,Uruguay,75,36
Andreas Cornelius,Danemark,75,29
Frederik Rønnow,Danemark,75,30
Vincent Aboubakar,Cameroun,75,30
Jordan Ayew,Ghana,75,31
Wahbi Khazri,Tunisie,75,31
Filip Đuričić,Serbie,75,30
Jens Stryger Larsen,Danemark,75,31
Salman Al-Faraj,Arabie saoudite,75,33
Eric Maxim Choupo-Moting,Cameroun,75,33
André Ayew,Ghana,75,32
Remko Pasveer,Pays-Bas,75,39
Nicola Zalewski,Pologne,74,20
Bamba Dieng,Sénégal,74,22
Ivo Grbić,Croatie,74,26
Amadou Onana,Belgique,74,21
Nico Williams,Espagne,74,20
Kaoru Mitoma,Japon,74,25
Brenden Aaronson,Etats-Unis,74,22
Hugo Guillamón,Espagne,74,22
Martin Erlić,Croatie,74,24
Nemanja Radonjić,Serbie,74,26
Timothy Weah,Etats-Unis,74,22
Krépin Diatta,Sénégal,74,23
Takefusa Kubo,Japon,74,21
Moumi Ngamaleu,Cameroun,74,28
Sebastian Szymański,Pologne,74,23
Christian Bassogog,Cameroun,74,27
Mathias Jensen,Danemark,74,26
Antonee Robinson,Etats-Unis,74,25
Cameron Carter-Vickers,Etats-Unis,74,24
Cyle Larin,Canada,74,27
Karol Świderski,Pologne,74,25
Robert Skov,Danemark,74,26
Jean-Charles Castelletto,Cameroun,74,27
Jonathan Osorio,Canada,74,30
Stefan Mitrović,Serbie,74,32
Nampalys Mendy,Sénégal,74,30
Ricardo Rodríguez,Suisse,74,30
Wayne Hennessey,Pays_de_Galles,74,35
Marquinhos,Brésil,73,19
Vitinha,Portugal,73,22
Rodri,Espagne,73,22
Luka Sučić,Croatie,73,20
Facundo Torres,Uruguay,73,22
José Cifuentes,Équateur,73,23
Kenneth Taylor,Pays-Bas,73,20
Yunus Musah,Etats-Unis,73,20
Pathé Ciss,Sénégal,73,28
Armel Bella-Kotchap,Allemagne,73,20
Xavi Simons,Pays-Bas,73,19
Mamadou Loum N'Diaye,Sénégal,73,25
Lee Kang-in,Corée_du_Sud,73,21
Ali Gholizadeh,Iran,73,26
Borna Barišić,Croatie,73,30
Amir Abedzadeh,Iran,73,29
Ethan Ampadu,Pays_de_Galles,73,22
Srđan Babić,Serbie,73,26
Takuma Asano,Japon,73,28
Selim Amallah,Maroc,73,26
Kamil Grabara,Pologne,73,23
Vanja Milinković-Savić,Serbie,73,25
Aaron Long,Etats-Unis,73,30
Son Jun-ho,Corée_du_Sud,73,30
Miloš Veljković,Serbie,73,27
Kieffer Moore,Pays_de_Galles,73,30
Ben Davies,Angleterre,73,27
Yasser al-Shahrani,Arabie saoudite,73,30
Bartosz Bereszyński,Pologne,73,30
Maya Yoshida,Japon,73,34
Sean Johnson,Etats-Unis,73,33
Kamil Grosicki,Pologne,73,34
Karim Boudiaf,Qatar,72,32
Almoez Ali,Qatar,72,26
Josip Stanišić,Croatie,72,22
Tajon Buchanan,Canada,72,23
Daizen Maeda,Japon,72,25
Johan Vásquez,Mexique,72,24
Sadegh Moharrami,Iran,72,26
Seny Dieng,Sénégal,72,28
Jeong Woo-yeong,Corée_du_Sud,72,23
Ajdin Hrustic,Australie,72,26
Alan Franco,Argentine,72,26
Abdelhamid Sabiri,Allemagne,72,26
Fodé Ballo-Touré,Sénégal,72,25
Martin Hongla,Cameroun,72,24
Gerardo Arteaga,Mexique,72,24
Hiroki Ito,Japon,72,23
Aïssa Laïdouni,Tunisie,72,25
Milad Mohammadi,Iran,72,29
Iké Ugbo,Canada,72,24
Richie Laryea,Canada,72,27
Harry Souttar,Australie,72,24
Miloš Degenek,Australie,72,28
Joe Rodon,Pays_de_Galles,72,25
Vincent Janssen,Pays-Bas,72,28
Jordan Morris,Etats-Unis,72,28
Carlos Gruezo,Équateur,72,27
Alireza Jahanbakhsh,Iran,72,29
Kellyn Acosta,Etats-Unis,72,27
Kim Tae-hwan,Corée_du_Sud,72,33
Karim Ansarifard,Iran,72,32
Denis Odoi,Ghana,72,34
Eiji Kawashima,Japon,72,39
Hassan Al Haydos,Qatar,72,31
Atiba Hutchinson,Canada,72,39
Boualem Khoukhi,Qatar,71,32
Jakub Kiwior,Pologne,71,22
Sorba Thomas,Pays_de_Galles,71,23
Pape Matar Sarr,Sénégal,71,20
Moustapha Name,Sénégal,71,27
Ali Abdi,Tunisie,71,28
Jakub Kamiński,Pologne,71,20
Ismail Jakobs,Allemagne,71,23
Salis Abdul Samed,Ghana,71,22
Dayne St. Clair,Canada,71,25
Diego Palacios,Équateur,71,23
Kamal Sowah,Ghana,71,22
Joe Scally,Etats-Unis,71,19
Neco Williams,Pays_de_Galles,71,21
André Silva,Brésil,71,25
Ivica Ivušić,Croatie,71,27
Abdulelah Al-Amri,Arabie saoudite,71,25
Danilo,Brésil,71,23
Mark-Anthony Kaye,Canada,71,28
Ilias Chair,Maroc,71,25
Elisha Owusu,Ghana,71,25
Ao Tanaka,Japon,71,24
Dylan Bronn,Tunisie,71,27
Eray Cömert,Suisse,71,24
Riley McGree,Australie,71,24
Robert Gumny,Pologne,71,24
Chris Mepham,Pays_de_Galles,71,25
Rónald Matarrita,Costa Rica,71,28
Luca de la Torre,Etats-Unis,71,24
Ben White,Angleterre,71,26
Krystian Bielik,Pologne,71,24
Damian Szymański,Pologne,71,27
Ethan Horvath,Etats-Unis,71,27
Olivier Ntcham,France,71,26
Abdulaziz Hatem,Qatar,71,32
Edimilson Fernandes,Suisse,71,26
Kim Jin-su,Corée_du_Sud,71,30
Lucas Cavallini,Canada,71,29
Martin Boyle,Australie,71,29
Kim Young-gwon,Corée_du_Sud,71,32
Hong Chul,Corée_du_Sud,71,32
Mathew Leckie,Australie,71,31
Kamil Glik,Pologne,71,34
Joe Allen,Pays_de_Galles,71,32
Fabian Frei,Suisse,71,33
Nicolas Jackson,Sénégal,70,21
Alistair Johnston,Canada,70,24
Moisés Caicedo,Équateur,70,21
Azzedine Ounahi,Maroc,70,22
Facundo Pellistri,Uruguay,70,20
Ayase Ueda,Japon,70,24
Ben Cabango,Pays_de_Galles,70,22
Zakaria Aboukhlal,Maroc,70,22
Kamal Miller,Canada,70,25
Gideon Mensah,Ghana,70,24
Saud Abdulhamid,Arabie saoudite,70,23
Cameron Devlin,Australie,70,24
Mohamed Dräger,Tunisie,70,26
Antoine Semenyo,Ghana,70,22
Enzo Ebosse,Cameroun,70,23
Abdelkarim Hassan,Qatar,70,29
Philipp Köhn,Suisse,70,24
Na Sang-ho,Corée_du_Sud,70,26
Paik Seung-ho,Corée_du_Sud,70,25
Oliver Christensen,Danemark,70,23
Collins Fai,Cameroun,70,30
Danilo,Brésil,70,26
Famara Diédhiou,Sénégal,70,29
Sam Adekugbe,Canada,70,27
Samuel Piette,Canada,70,28
Awer Mabil,Australie,70,27
Jackson Irvine,Australie,70,29
Tom Lockyer,Pays_de_Galles,70,27
Baba Rahman,Ghana,70,28
Nawaf al-Abed,Arabie saoudite,70,32
Aziz Behich,Australie,70,31
Adam Davies,Pays_de_Galles,70,30
Tim Ream,Etats-Unis,70,35
Danny Ward,Angleterre,70,31
Junior Hoilett,Canada,70,32
Danny Vukovic,Australie,70,37
Achraf Dari,Maroc,69,23
Pedro Miguel,Qatar,69,32
Iliman Ndiaye,Sénégal,69,22
Marquinhos,Brésil,69,23
Strahinja Pavlović,Serbie,69,21
Cho Gue-sung,Corée_du_Sud,69,24
Ángelo Preciado,Équateur,69,24
Fran Karačić,Australie,69,26
Youssoufa Moukoko,Allemagne,69,18
Daniel Schmidt,Japon,69,30
Carlos Rodríguez,Uruguay,69,32
Gaku Shibasaki,Japon,69,30
Filip Mladenović,Serbie,69,31
Andries Noppert,Pays-Bas,69,28
Francisco Calvo,Costa Rica,69,30
DeAndre Yedlin,Etats-Unis,69,29
Mohammed Al-Owais,Arabie saoudite,69,31
Hattan Bahebri,Arabie saoudite,69,30
Bilel Ifa,Tunisie,69,32
Steven Vitória,Canada,69,35
Artur Jędrzejczyk,Pologne,69,35
Ibrahim Danlad,Ghana,68,20
Bassam Al-Rawi,Qatar,68,24
Homam Ahmed,Qatar,68,23
Anass Zaroury,Belgique,68,22
Jackson Porozo,Équateur,68,22
Christopher Wooh,Cameroun,68,21
Alidu Seidu,Ghana,68,22
Moisés Ramírez,Équateur,68,22
Song Min-kyu,Corée_du_Sud,68,23
Xavier Arreaga,Équateur,68,28
Gaël Ondoua,Cameroun,68,27
Kim Moon-hwan,Corée_du_Sud,68,27
Majid Hosseini,Iran,68,26
Josh Sargent,Etats-Unis,68,22
Nathaniel Atkinson,Australie,68,23
Samuel Gouet,Cameroun,68,24
Michael Estrada,Équateur,68,26
Haji Wright,Etats-Unis,68,24
Keanu Baccus,Australie,68,24
José Luis Rodríguez,Panama,68,24
Saman Ghoddos,Iran,68,29
Mateusz Wieteska,Pologne,68,25
Jason Cummings,Ecosse,68,27
Saleh Al-Shehri,Arabie saoudite,68,29
Bailey Wright,Australie,68,30
Saad Al Sheeb,Qatar,68,32
Marquinhos,Brésil,67,25
Mohammed Muntari,Qatar,67,28
Walid Cheddira,Maroc,67,24
Abdul Fatawu Issahaku,Ghana,67,18
Rubin Colwill,Pays_de_Galles,67,20
William Pacho,Équateur,67,21
Joel Waterman,Canada,67,26
Michał Skóraś,Pologne,67,22
Montassar Talbi,Tunisie,67,24
Olivier Mbaizo,Cameroun,67,25
Nasser Al-Dawsari,Arabie saoudite,67,23
Liam Millar,Canada,67,23
Abdul Nurudeen,Ghana,67,23
Mark Harris,Pays_de_Galles,67,23
Kye Rowles,Australie,67,24
Joe Morrell,Pays_de_Galles,67,25
Mitchell Duke,Australie,67,31
David Wotherspoon,Canada,67,32
Jeremy Sarmiento,Équateur,66,20
Fabian Rieder,Suisse,66,20
Simon Ngapandouetnbu,France,66,19
Alan Franco,Équateur,66,24
Dylan Levitt,Pays_de_Galles,66,22
Ali Al-Hassan,Arabie saoudite,66,25
Assim Madibo,Qatar,66,26
Tarek Salman,Qatar,66,24
Issam Jebali,Tunisie,66,30
Matt Smith,Pays_de_Galles,66,23
Devis Epassy,Cameroun,66,29
Abdullah Madu,Arabie saoudite,66,29
Kwon Chang-hoon,Corée_du_Sud,66,28
Yousef Hassan,Qatar,65,26
Musab Kheder,Qatar,65,29
Meshaal Barsham,Qatar,65,24
Ahmed Alaaeldin,Qatar,65,29
Mohammed Waad,Qatar,65,23
Wajdi Kechrida,Tunisie,65,27
Formose Mendy,Sénégal,65,21
Zeno Debast,Belgique,65,19
Djorkaeff Reasco,Équateur,65,23
Joel King,Australie,65,22
James Pantemis,Canada,65,25
Yoon Jong-gyu,Corée_du_Sud,65,24
Riyadh Sharahili,Arabie saoudite,65,29
Andrew Redmayne,Australie,65,33
Ismaël Koné,Canada,64,20
Hannibal Mejbri,Tunisie,64,19
Ali Karimi,Iran,64,28
Matt Smith,Angleterre,64,33
Khalid Muneer,Qatar,63,24
Salem Al-Hajri,Qatar,63,26
Antony,Brésil,63,21
Ardon Jashari,Suisse,63,20
Fabinho,Portugal,62,21
Aaron Ramsey,Angleterre,62,19
Bryan Oviedo,Costa Rica,62,32
Chris Gunter,Pays_de_Galles,62,33
Gideon Mensah,Ghana,61,22
Garang Kuol,Australie,59,18
Nawaf Al-Aqidi,Arabie saoudite,58,22
Carlos Martínez,Espagne,57,36
Hernán Galíndez,Équateur,70,34
Alexander Domínguez,Équateur,70,35
Félix Torres,Équateur,71,25
Robert Arboleda,Équateur,68,25
Ayrton Preciado,Équateur,72,28
Romario Ibarra,Équateur,69,27
Pape Abou Cissé,Sénégal,76,26
Moussa Ndiaye,Sénégal,49,19
Cheikhou Kouyaté,Sénégal,77,32
Luke Shaw,Angleterre,80,27
Declan Rice,Angleterre,84,23
Jude Bellingham,Angleterre,84,19
Alireza Beiranvand,Iran,70,29
Payam Niazmand,Iran,68,27
Morteza Pouraliganji,Iran,69,30
Ramin Rezaeian,Iran,70,29
Saeid Ezatolahi,Iran,66,25
Vahid Amiri,Iran,67,31
Mehdi Torabi,Iran,69,23
Shaq Moore,Etats-Unis,72,26
Jesús Ferreira,Etats-Unis,74,21
Lionel Messi,Argentine,91,35
Paulo Dybala,Argentine,86,29
Mohammed Al Rubaie,Arabie saoudite,64,25
Mohamed Kanno,Arabie saoudite,72,27
Haitham Asiri,Arabie saoudite,56,21
Luis Chávez,Mexico,73,26
Rogelio Funes Mori,Mexico,77,31
Roberto Alvarado,Mexico,75,23
Benjamin Pavard,France,79,26
Karim Benzema,France,91,34
Thomas Deng,Australie,66,25
Mouez Hassen,Tunisie,65,26
Aymen Mathlouthi,Tunisie,67,36
Nader Ghandri,Tunisie,62,24
Anis Ben Slimane,Tunisie,69,21
Ferjani Sassi,Tunisie,68,26
Youssef Msakni,Tunisie,71,28
César Azpilicueta,Espagne,82,33
Aymeric Laporte,Espagne,86,28
Pedri,Espagne,85,20
Esteban Alvarado,Costa Rica,67,30
Juan Pablo Vargas,Costa Rica,64,26
Kendall Waston,Costa Rica,69,33
Celso Borges,Costa Rica,74,33
Yeltsin Tejeda,Costa Rica,68,26
Johan Venegas,Costa Rica,68,29
Joel Campbell,Costa Rica,75,30
Manuel Neuer,Allemagne,90,36
Marc-André ter Stegen,Allemagne,88,30
Leon Goretzka,Allemagne,87,27
Serge Gnabry,Allemagne,85,27
Shūichi Gonda,Japan,67,33
Shōgo Taniguchi,Japan,73,31
Yūto Nagatomo,Japan,74,35
Hiroki Sakai,Japan,73,32
Wataru Endō,Japan,78,29
Shuto Machino,Japan,65,22
Derek Cornelius,Canada,65,24
Liam Fraser,Canada,65,24
Reda Tagnaouti,Maroc,71,26
Achraf Hakimi,Maroc,84,24
Badr Benoun,Maroc,67,24
Weverton,Brésil,78,30
Éverton Ribeiro,Brésil,81,27
Neymar,Brésil,89,30
Nicolas Nkoulou,Cameroun,78,31
Karl Toko-Ekambi,Cameroun,78,30
Bernardo Silva,Portugal,88,28
João Félix,Portugal,84,23
Osman Bukari,Ghana,69,23
Martín Cáceres,Uruguay,75,35
Guillermo Varela,Uruguay,72,28
Agustín Canobbio,Uruguay,73,23
Giorgian De Arrascaeta,Uruguay,78,24
Nicolás de la Cruz,Uruguay,78,25
Matías Vecino,Uruguay,77,31
Edinson Cavani,Uruguay,82,35
Hwang Ui-jo,Corée_du_Sud,75,30
Théo Hernandez,France,85,25
Lucas Hernandez,France,84,26
Jonathan Williams,Pays_de_Galles,62,29
Strahinja Eraković,Serbie,69,21
Papu Gómez,Argentine,84,34
António Silva,Portugal,75,18
Jassem Gaber,Qatar,60,20
Angel Mena,Équateur,78,33
Kevin Rodríguez,Équateur,66,22
Hossein Hosseini,Iran,67,30
Néstor Araujo,Mexico,75,30
Kevin Álvarez,Honduras,60,24
Béchir Ben Saïd,Tunisie,69,29
Aymen Dahmen,Tunisie,68,25
Ali Maaloul,Tunisie,72,32
Yassine Meriah,Tunisie,69,27
Seifeddine Jaziri,Tunisie,72,29
Keysher Fuller,Costa Rica,75,27
Daniel Chacón,Costa Rica,67,21
Jewison Bennette,Costa Rica,68,18
Bryan Ruiz,Costa Rica,76,31
Gerson Torres,Costa Rica,66,19
Youstin Salas,Costa Rica,65,26
Brandon Aguilera,Costa Rica,65,19
Douglas López,Costa Rica,65,23
Anthony Hernández,Costa Rica,61,20
Álvaro Zamora,Costa Rica,61,20
Anthony Contreras,Costa Rica,69,22
Miki Yamane,Japan,72,27
Yuki Soma,Japan,70,24
Bilal El Khannouss,Maroc,65,18
Yahya Jabrane,Maroc,72,31
Dani Alves,Brésil,77,38
Nouhou Tolo,Cameroun,70,25
Ronald Araújo,Uruguay,83,23
Jhegson Méndez,Équateur,69,25
Roan Wilson,Costa Rica,61,20
Vinícius Júnior,Brésil,86,21
Maxi Gómez,Uruguay,78,25
Ali Assadalla,Qatar,69,29
Ismaeel Mohammad,Qatar,71,31
Naif Al-Hadhrami,Qatar,59,20
Jhegson Méndez,Équateur,69,25
Ehsan Hajsafi,Iran,70,32
Shojae Khalilzadeh,Iran,73,31
Mohammad Kanani,Iran,70,28
Rouzbeh Cheshmi,Iran,66,28
Abolfazl Jalali,Iran,68,24
Ahmad Noorollahi,Iran,74,29
Sultan Al-Ghanam,Arabie saoudite,72,28
Ali Al-Bulaihi,Arabie saoudite,67,32
Mohammed Al-Breik,Arabie saoudite,70,29
Hassan Al-Tambakti,Arabie saoudite,67,23
Abdulellah Al-Malki,Arabie saoudite,69,27
Abdullah Otayf,Arabie saoudite,67,29
Sami Al-Najei,Arabie saoudite,69,25
Firas Al-Buraikan,Arabie saoudite,66,22
Salem al-Dossari,Arabie saoudite,76,30
Abdulrahman Al-Aboud,Arabie saoudite,67,27
Mohamed Ali Ben Romdhane,Tunisie,73,22
Ghailene Chaalali,Tunisie,71,26
Taha Yassine Khenissi,Tunisie,70,30
Roan Wilson,Costa Rica,61,20
Munir El Kajoui,Maroc,73,33
Yahya Attiatallah,Maroc,70,27
Abderrazak Hamed-Allah,Maroc,77,30
Ez Abde,Maroc,70,20
Vinícius Júnior,Brésil,86,21
Jerome Ngom Mbekeli,Cameroun,71,24
Pierre Kunde,Cameroun,72,25
Souaibou Marou,Cameroun,65,21
Lawrence Ati-Zigi,Ghana,72,25
Daniel Afriyie,Ghana,70,29
Maxi Gómez,Uruguay,78,25
Kim Seung-gyu,Corée_du_Sud,70,31
Song Bum-keun,Corée_du_Sud,70,24
Jo Hyeon-woo,Corée_du_Sud,73,30
Kwon Kyung-won,Corée_du_Sud,72,29
Cho Yu-min,Corée_du_Sud,66,24
Jung Woo-young,Corée_du_Sud,67,27
Hwang In-beom,Corée_du_Sud,72,24
Son Heung-min,Corée_du_Sud,89,29
Mostafa Mashaal,Qatar,71,21
